Unnamed: 0.3,Unnamed: 0.2,Unnamed: 0.1,Unnamed: 0,id,first_name,last_name,full_name,picture_link
0,0,0,0,1630173,Precious,Achiuwa,Precious Achiuwa,https://cdn.nba.com/headshots/nba/latest/1040x760/1630173.png
1,1,1,1,203500,Steven,Adams,Steven Adams,https://cdn.nba.com/headshots/nba/latest/1040x760/203500.png
2,2,2,2,1628389,Bam,Adebayo,Bam Adebayo,https://cdn.nba.com/headshots/nba/latest/1040x760/1628389.png
3,3,3,3,1630534,Ochai,Agbaji,Ochai Agbaji,https://cdn.nba.com/headshots/nba/latest/1040x760/1630534.png
4,4,4,4,1631231,James,Akinjo,James Akinjo,https://cdn.nba.com/headshots/nba/latest/1040x760/1631231.png
5,5,5,5,1630583,Santi,Aldama,Santi Aldama,https://cdn.nba.com/headshots/nba/latest/1040x760/1630583.png
6,6,6,6,1641725,Trey,Alexander,Trey Alexander,https://cdn.nba.com/headshots/nba/latest/1040x760/1641725.png
7,7,7,7,1629638,Nickeil,Alexander-Walker,Nickeil Alexander-Walker,https://cdn.nba.com/headshots/nba/latest/1040x760/1629638.png
8,8,8,8,1628960,Grayson,Allen,Grayson Allen,https://cdn.nba.com/headshots/nba/latest/1040x760/1628960.png
9,9,9,9,1628386,Jarrett,Allen,Jarrett Allen,https://cdn.nba.com/headshots/nba/latest/1040x760/1628386.png
10,10,10,10,1630631,Jose,Alvarado,Jose Alvarado,https://cdn.nba.com/headshots/nba/latest/1040x760/1630631.png
11,11,11,11,203937,Kyle,Anderson,Kyle Anderson,https://cdn.nba.com/headshots/nba/latest/1040x760/203937.png
12,12,12,12,203507,Giannis,Antetokounmpo,Giannis Antetokounmpo,https://cdn.nba.com/headshots/nba/latest/1040x760/203507.png
13,13,13,13,1630175,Cole,Anthony,Cole Anthony,https://cdn.nba.com/headshots/nba/latest/1040x760/1630175.png
14,14,14,14,1628384,OG,Anunoby,OG Anunoby,https://cdn.nba.com/headshots/nba/latest/1040x760/1628384.png
15,15,15,15,1631317,Adonis,Arms,Adonis Arms,https://cdn.nba.com/headshots/nba/latest/1040x760/1631317.png
16,16,16,16,1642378,Mark,Armstrong,Mark Armstrong,https://cdn.nba.com/headshots/nba/latest/1040x760/1642378.png
17,17,17,17,1630166,Deni,Avdija,Deni Avdija,https://cdn.nba.com/headshots/nba/latest/1040x760/1630166.png
18,18,18,18,1629028,Deandre,Ayton,Deandre Ayton,https://cdn.nba.com/headshots/nba/latest/1040x760/1629028.png
19,19,19,19,1630654,Armando,Bacot,Armando Bacot,https://cdn.nba.com/headshots/nba/latest/1040x760/1630654.png
20,20,20,20,1628963,Marvin,Bagley III,Marvin Bagley III,https://cdn.nba.com/headshots/nba/latest/1040x760/1628963.png
21,21,21,21,1641735,Amari,Bailey,Amari Bailey,https://cdn.nba.com/headshots/nba/latest/1040x760/1641735.png
22,22,22,22,1631116,Patrick,Baldwin Jr.,Patrick Baldwin Jr.,https://cdn.nba.com/headshots/nba/latest/1040x760/1631116.png
23,23,23,23,1630163,LaMelo,Ball,LaMelo Ball,https://cdn.nba.com/headshots/nba/latest/1040x760/1630163.png
24,24,24,24,1628366,Lonzo,Ball,Lonzo Ball,https://cdn.nba.com/headshots/nba/latest/1040x760/1628366.png
25,25,25,25,1628964,Mo,Bamba,Mo Bamba,https://cdn.nba.com/headshots/nba/latest/1040x760/1628964.png
26,26,26,26,1631094,Paolo,Banchero,Paolo Banchero,https://cdn.nba.com/headshots/nba/latest/1040x760/1631094.png
27,27,27,27,1630217,Desmond,Bane,Desmond Bane,https://cdn.nba.com/headshots/nba/latest/1040x760/1630217.png
28,28,28,28,1630625,Dalano,Banton,Dalano Banton,https://cdn.nba.com/headshots/nba/latest/1040x760/1630625.png
29,29,29,29,1631230,Dominick,Barlow,Dominick Barlow,https://cdn.nba.com/headshots/nba/latest/1040x760/1631230.png
30,30,30,30,203084,Harrison,Barnes,Harrison Barnes,https://cdn.nba.com/headshots/nba/latest/1040x760/203084.png
31,31,31,31,1630567,Scottie,Barnes,Scottie Barnes,https://cdn.nba.com/headshots/nba/latest/1040x760/1630567.png
32,32,32,32,1629628,RJ,Barrett,RJ Barrett,https://cdn.nba.com/headshots/nba/latest/1040x760/1629628.png
33,33,33,33,1629646,Charles,Bassey,Charles Bassey,https://cdn.nba.com/headshots/nba/latest/1040x760/1629646.png
34,34,34,34,1641734,Emoni,Bates,Emoni Bates,https://cdn.nba.com/headshots/nba/latest/1040x760/1641734.png
35,35,35,35,1628966,Keita,Bates-Diop,Keita Bates-Diop,https://cdn.nba.com/headshots/nba/latest/1040x760/1628966.png
36,36,36,36,1642419,Jamison,Battle,Jamison Battle,https://cdn.nba.com/headshots/nba/latest/1040x760/1642419.png
37,37,37,37,201587,Nicolas,Batum,Nicolas Batum,https://cdn.nba.com/headshots/nba/latest/1040x760/201587.png
38,38,38,38,203078,Bradley,Beal,Bradley Beal,https://cdn.nba.com/headshots/nba/latest/1040x760/203078.png
39,39,39,39,1627736,Malik,Beasley,Malik Beasley,https://cdn.nba.com/headshots/nba/latest/1040x760/1627736.png
40,40,40,40,1630699,MarJon,Beauchamp,MarJon Beauchamp,https://cdn.nba.com/headshots/nba/latest/1040x760/1630699.png
41,41,41,41,1641777,Charles,Bediako,Charles Bediako,https://cdn.nba.com/headshots/nba/latest/1040x760/1641777.png
42,42,42,42,1641736,Reece,Beekman,Reece Beekman,https://cdn.nba.com/headshots/nba/latest/1040x760/1641736.png
43,43,43,43,1631262,Jules,Bernard,Jules Bernard,https://cdn.nba.com/headshots/nba/latest/1040x760/1631262.png
44,44,44,44,1630180,Saddiq,Bey,Saddiq Bey,https://cdn.nba.com/headshots/nba/latest/1040x760/1630180.png
45,45,45,45,1629048,Goga,Bitadze,Goga Bitadze,https://cdn.nba.com/headshots/nba/latest/1040x760/1629048.png
46,46,46,46,1641931,Onuralp,Bitim,Onuralp Bitim,https://cdn.nba.com/headshots/nba/latest/1040x760/1641931.png
47,47,47,47,1641710,Anthony,Black,Anthony Black,https://cdn.nba.com/headshots/nba/latest/1040x760/1641710.png
48,48,48,48,1641778,Leaky,Black,Leaky Black,https://cdn.nba.com/headshots/nba/latest/1040x760/1641778.png
49,49,49,49,203992,Bogdan,Bogdanović,Bogdan Bogdanović,https://cdn.nba.com/headshots/nba/latest/1040x760/203992.png
50,50,50,50,202711,Bojan,Bogdanović,Bojan Bogdanović,https://cdn.nba.com/headshots/nba/latest/1040x760/202711.png
51,51,51,51,1629626,Bol,Bol,Bol Bol,https://cdn.nba.com/headshots/nba/latest/1040x760/1629626.png
52,52,52,52,1641737,Adem,Bona,Adem Bona,https://cdn.nba.com/headshots/nba/latest/1040x760/1641737.png
53,53,53,53,1626164,Devin,Booker,Devin Booker,https://cdn.nba.com/headshots/nba/latest/1040x760/1626164.png
54,54,54,54,1630527,Brandon,Boston Jr.,Brandon Boston Jr.,https://cdn.nba.com/headshots/nba/latest/1040x760/1630527.png
55,55,55,55,1628449,Chris,Boucher,Chris Boucher,https://cdn.nba.com/headshots/nba/latest/1040x760/1628449.png
56,56,56,56,1631103,Malaki,Branham,Malaki Branham,https://cdn.nba.com/headshots/nba/latest/1040x760/1631103.png
57,57,57,57,1631128,Christian,Braun,Christian Braun,https://cdn.nba.com/headshots/nba/latest/1040x760/1631128.png
58,58,58,58,1641779,Jalen,Bridges,Jalen Bridges,https://cdn.nba.com/headshots/nba/latest/1040x760/1641779.png
59,59,59,59,1628969,Mikal,Bridges,Mikal Bridges,https://cdn.nba.com/headshots/nba/latest/1040x760/1628969.png
60,60,60,60,1628970,Miles,Bridges,Miles Bridges,https://cdn.nba.com/headshots/nba/latest/1040x760/1628970.png
61,61,61,61,1627763,Malcolm,Brogdon,Malcolm Brogdon,https://cdn.nba.com/headshots/nba/latest/1040x760/1627763.png
62,62,62,62,1628415,Dillon,Brooks,Dillon Brooks,https://cdn.nba.com/headshots/nba/latest/1040x760/1628415.png
63,63,63,63,1631232,Keion,Brooks Jr.,Keion Brooks Jr.,https://cdn.nba.com/headshots/nba/latest/1040x760/1631232.png
64,64,64,64,1628971,Bruce,Brown,Bruce Brown,https://cdn.nba.com/headshots/nba/latest/1040x760/1628971.png
65,65,65,65,1627759,Jaylen,Brown,Jaylen Brown,https://cdn.nba.com/headshots/nba/latest/1040x760/1627759.png
66,66,66,66,1631112,Kendall,Brown,Kendall Brown,https://cdn.nba.com/headshots/nba/latest/1040x760/1631112.png
67,67,67,67,1641738,Kobe,Brown,Kobe Brown,https://cdn.nba.com/headshots/nba/latest/1040x760/1641738.png
68,68,68,68,1629650,Moses,Brown,Moses Brown,https://cdn.nba.com/headshots/nba/latest/1040x760/1629650.png
69,69,69,69,1629718,Charlie,Brown Jr.,Charlie Brown Jr.,https://cdn.nba.com/headshots/nba/latest/1040x760/1629718.png
70,70,70,70,1628973,Jalen,Brunson,Jalen Brunson,https://cdn.nba.com/headshots/nba/latest/1040x760/1628973.png
71,71,71,71,1628418,Thomas,Bryant,Thomas Bryant,https://cdn.nba.com/headshots/nba/latest/1040x760/1628418.png
72,72,72,72,1641723,Kobe,Bufkin,Kobe Bufkin,https://cdn.nba.com/headshots/nba/latest/1040x760/1641723.png
73,73,73,73,202692,Alec,Burks,Alec Burks,https://cdn.nba.com/headshots/nba/latest/1040x760/202692.png
74,74,74,74,1630215,Jared,Butler,Jared Butler,https://cdn.nba.com/headshots/nba/latest/1040x760/1630215.png
75,75,75,75,202710,Jimmy,Butler,Jimmy Butler,https://cdn.nba.com/headshots/nba/latest/1040x760/202710.png
76,76,76,76,1641824,Matas,Buzelis,Matas Buzelis,https://cdn.nba.com/headshots/nba/latest/1040x760/1641824.png
77,77,77,77,1631288,Jamal,Cain,Jamal Cain,https://cdn.nba.com/headshots/nba/latest/1040x760/1631288.png
78,78,78,78,203484,Kentavious,Caldwell-Pope,Kentavious Caldwell-Pope,https://cdn.nba.com/headshots/nba/latest/1040x760/203484.png
79,79,79,79,1641739,Toumani,Camara,Toumani Camara,https://cdn.nba.com/headshots/nba/latest/1040x760/1641739.png
80,80,80,80,203991,Clint,Capela,Clint Capela,https://cdn.nba.com/headshots/nba/latest/1040x760/203991.png
81,81,81,81,1642382,Branden,Carlson,Branden Carlson,https://cdn.nba.com/headshots/nba/latest/1040x760/1642382.png
82,82,82,82,1642267,Carlton,Carrington,Carlton Carrington,https://cdn.nba.com/headshots/nba/latest/1040x760/1642267.png
83,83,83,83,1642269,Devin,Carter,Devin Carter,https://cdn.nba.com/headshots/nba/latest/1040x760/1642269.png
84,84,84,84,1628975,Jevon,Carter,Jevon Carter,https://cdn.nba.com/headshots/nba/latest/1040x760/1628975.png
85,85,85,85,1628976,Wendell,Carter Jr.,Wendell Carter Jr.,https://cdn.nba.com/headshots/nba/latest/1040x760/1628976.png
86,86,86,86,1630618,D.J.,Carton,D.J. Carton,https://cdn.nba.com/headshots/nba/latest/1040x760/1630618.png
87,87,87,87,1627936,Alex,Caruso,Alex Caruso,https://cdn.nba.com/headshots/nba/latest/1040x760/1627936.png
88,88,88,88,1642264,Stephon,Castle,Stephon Castle,https://cdn.nba.com/headshots/nba/latest/1040x760/1642264.png
89,89,89,89,1630658,Colin,Castleton,Colin Castleton,https://cdn.nba.com/headshots/nba/latest/1040x760/1630658.png
90,90,90,90,1630577,Julian,Champagnie,Julian Champagnie,https://cdn.nba.com/headshots/nba/latest/1040x760/1630577.png
91,91,91,91,1630551,Justin,Champagnie,Justin Champagnie,https://cdn.nba.com/headshots/nba/latest/1040x760/1630551.png
92,92,92,92,1642279,Ulrich,Chomche,Ulrich Chomche,https://cdn.nba.com/headshots/nba/latest/1040x760/1642279.png
93,93,93,93,1642353,Cam,Christie,Cam Christie,https://cdn.nba.com/headshots/nba/latest/1040x760/1642353.png
94,94,94,94,1631108,Max,Christie,Max Christie,https://cdn.nba.com/headshots/nba/latest/1040x760/1631108.png
95,95,95,95,1630528,Josh,Christopher,Josh Christopher,https://cdn.nba.com/headshots/nba/latest/1040x760/1630528.png
96,96,96,96,1631321,Sidy,Cissoko,Sidy Cissoko,https://cdn.nba.com/headshots/nba/latest/1040x760/1631321.png
97,97,97,97,1641740,Jaylen,Clark,Jaylen Clark,https://cdn.nba.com/headshots/nba/latest/1040x760/1641740.png
98,98,98,98,1629634,Brandon,Clarke,Brandon Clarke,https://cdn.nba.com/headshots/nba/latest/1040x760/1629634.png
99,99,99,99,203903,Jordan,Clarkson,Jordan Clarkson,https://cdn.nba.com/headshots/nba/latest/1040x760/203903.png
100,100,100,100,1629651,Nic,Claxton,Nic Claxton,https://cdn.nba.com/headshots/nba/latest/1040x760/1629651.png
101,101,101,101,1642270,Donovan,Clingan,Donovan Clingan,https://cdn.nba.com/headshots/nba/latest/1040x760/1642270.png
102,102,102,102,1641730,Noah,Clowney,Noah Clowney,https://cdn.nba.com/headshots/nba/latest/1040x760/1641730.png
103,103,103,103,1629599,Amir,Coffey,Amir Coffey,https://cdn.nba.com/headshots/nba/latest/1040x760/1629599.png
104,104,104,104,1642268,Isaiah,Collier,Isaiah Collier,https://cdn.nba.com/headshots/nba/latest/1040x760/1642268.png
105,105,105,105,1628381,John,Collins,John Collins,https://cdn.nba.com/headshots/nba/latest/1040x760/1628381.png
106,106,106,106,1628380,Zach,Collins,Zach Collins,https://cdn.nba.com/headshots/nba/latest/1040x760/1628380.png
107,107,107,107,201144,Mike,Conley,Mike Conley,https://cdn.nba.com/headshots/nba/latest/1040x760/201144.png
108,108,108,108,1626192,Pat,Connaughton,Pat Connaughton,https://cdn.nba.com/headshots/nba/latest/1040x760/1626192.png
109,109,109,109,1641731,Bilal,Coulibaly,Bilal Coulibaly,https://cdn.nba.com/headshots/nba/latest/1040x760/1641731.png
110,110,110,110,1641741,Ricky,Council IV,Ricky Council IV,https://cdn.nba.com/headshots/nba/latest/1040x760/1641741.png
111,111,111,111,1628470,Torrey,Craig,Torrey Craig,https://cdn.nba.com/headshots/nba/latest/1040x760/1628470.png
112,112,112,112,1642384,Isaiah,Crawford,Isaiah Crawford,https://cdn.nba.com/headshots/nba/latest/1040x760/1642384.png
113,113,113,113,1630622,Jalen,Crutcher,Jalen Crutcher,https://cdn.nba.com/headshots/nba/latest/1040x760/1630622.png
114,114,114,114,1629633,Jarrett,Culver,Jarrett Culver,https://cdn.nba.com/headshots/nba/latest/1040x760/1629633.png
115,115,115,115,1630595,Cade,Cunningham,Cade Cunningham,https://cdn.nba.com/headshots/nba/latest/1040x760/1630595.png
116,116,116,116,203552,Seth,Curry,Seth Curry,https://cdn.nba.com/headshots/nba/latest/1040x760/203552.png
117,117,117,117,201939,Stephen,Curry,Stephen Curry,https://cdn.nba.com/headshots/nba/latest/1040x760/201939.png
118,118,118,118,1642359,Pacôme,Dadiet,Pacôme Dadiet,https://cdn.nba.com/headshots/nba/latest/1040x760/1642359.png
119,119,119,119,1641915,Caleb,Daniels,Caleb Daniels,https://cdn.nba.com/headshots/nba/latest/1040x760/1641915.png
120,120,120,120,1630700,Dyson,Daniels,Dyson Daniels,https://cdn.nba.com/headshots/nba/latest/1040x760/1630700.png
121,121,121,121,1642368,N'Faly,Dante,N'Faly Dante,https://cdn.nba.com/headshots/nba/latest/1040x760/1642368.png
122,122,122,122,1630268,Nate,Darling,Nate Darling,https://cdn.nba.com/headshots/nba/latest/1040x760/1630268.png
123,123,123,123,203076,Anthony,Davis,Anthony Davis,https://cdn.nba.com/headshots/nba/latest/1040x760/203076.png
124,124,124,124,1631098,Johnny,Davis,Johnny Davis,https://cdn.nba.com/headshots/nba/latest/1040x760/1631098.png
125,125,125,125,1629056,Terence,Davis,Terence Davis,https://cdn.nba.com/headshots/nba/latest/1040x760/1629056.png
126,126,126,126,1631120,JD,Davison,JD Davison,https://cdn.nba.com/headshots/nba/latest/1040x760/1631120.png
127,127,127,127,201942,DeMar,DeRozan,DeMar DeRozan,https://cdn.nba.com/headshots/nba/latest/1040x760/201942.png
128,128,128,128,1628978,Donte,DiVincenzo,Donte DiVincenzo,https://cdn.nba.com/headshots/nba/latest/1040x760/1628978.png
129,129,129,129,1631217,Moussa,Diabaté,Moussa Diabaté,https://cdn.nba.com/headshots/nba/latest/1040x760/1631217.png
130,130,130,130,1629603,Mamadi,Diakite,Mamadi Diakite,https://cdn.nba.com/headshots/nba/latest/1040x760/1629603.png
131,131,131,131,1641711,Gradey,Dick,Gradey Dick,https://cdn.nba.com/headshots/nba/latest/1040x760/1641711.png
132,132,132,132,1631172,Ousmane,Dieng,Ousmane Dieng,https://cdn.nba.com/headshots/nba/latest/1040x760/1631172.png
133,133,133,133,1642265,Rob,Dillingham,Rob Dillingham,https://cdn.nba.com/headshots/nba/latest/1040x760/1642265.png
134,134,134,134,203915,Spencer,Dinwiddie,Spencer Dinwiddie,https://cdn.nba.com/headshots/nba/latest/1040x760/203915.png
135,135,135,135,1629029,Luka,Dončić,Luka Dončić,https://cdn.nba.com/headshots/nba/latest/1040x760/1629029.png
136,136,136,136,1629652,Luguentz,Dort,Luguentz Dort,https://cdn.nba.com/headshots/nba/latest/1040x760/1629652.png
137,137,137,137,1630245,Ayo,Dosunmu,Ayo Dosunmu,https://cdn.nba.com/headshots/nba/latest/1040x760/1630245.png
138,138,138,138,1630288,Jeff,Dowtin Jr.,Jeff Dowtin Jr.,https://cdn.nba.com/headshots/nba/latest/1040x760/1630288.png
139,139,139,139,1628408,PJ,Dozier,PJ Dozier,https://cdn.nba.com/headshots/nba/latest/1040x760/1628408.png
140,140,140,140,203083,Andre,Drummond,Andre Drummond,https://cdn.nba.com/headshots/nba/latest/1040x760/203083.png
141,141,141,141,1630537,Chris,Duarte,Chris Duarte,https://cdn.nba.com/headshots/nba/latest/1040x760/1630537.png
142,142,142,142,1642505,Alex,Ducas,Alex Ducas,https://cdn.nba.com/headshots/nba/latest/1040x760/1642505.png
143,143,143,143,1630561,David,Duke Jr.,David Duke Jr.,https://cdn.nba.com/headshots/nba/latest/1040x760/1630561.png
144,144,144,144,1627739,Kris,Dunn,Kris Dunn,https://cdn.nba.com/headshots/nba/latest/1040x760/1627739.png
145,145,145,145,1642346,Ryan,Dunn,Ryan Dunn,https://cdn.nba.com/headshots/nba/latest/1040x760/1642346.png
146,146,146,146,201142,Kevin,Durant,Kevin Durant,https://cdn.nba.com/headshots/nba/latest/1040x760/201142.png
147,147,147,147,1631105,Jalen,Duren,Jalen Duren,https://cdn.nba.com/headshots/nba/latest/1040x760/1631105.png
148,148,148,148,1631106,Tari,Eason,Tari Eason,https://cdn.nba.com/headshots/nba/latest/1040x760/1631106.png
149,149,149,149,1641744,Zach,Edey,Zach Edey,https://cdn.nba.com/headshots/nba/latest/1040x760/1641744.png
150,150,150,150,1630162,Anthony,Edwards,Anthony Edwards,https://cdn.nba.com/headshots/nba/latest/1040x760/1630162.png
151,151,151,151,1642399,Jesse,Edwards,Jesse Edwards,https://cdn.nba.com/headshots/nba/latest/1040x760/1642399.png
152,152,152,152,1642348,Justin,Edwards,Justin Edwards,https://cdn.nba.com/headshots/nba/latest/1040x760/1642348.png
153,153,153,153,1630556,Kessler,Edwards,Kessler Edwards,https://cdn.nba.com/headshots/nba/latest/1040x760/1630556.png
154,154,154,154,1642407,Boogie,Ellis,Boogie Ellis,https://cdn.nba.com/headshots/nba/latest/1040x760/1642407.png
155,155,155,155,1631165,Keon,Ellis,Keon Ellis,https://cdn.nba.com/headshots/nba/latest/1040x760/1631165.png
156,156,156,156,203954,Joel,Embiid,Joel Embiid,https://cdn.nba.com/headshots/nba/latest/1040x760/203954.png
157,157,157,157,1642401,Aaron,Estrada,Aaron Estrada,https://cdn.nba.com/headshots/nba/latest/1040x760/1642401.png
158,158,158,158,1629234,Drew,Eubanks,Drew Eubanks,https://cdn.nba.com/headshots/nba/latest/1040x760/1629234.png
159,159,159,159,1641787,Tosan,Evbuomwan,Tosan Evbuomwan,https://cdn.nba.com/headshots/nba/latest/1040x760/1641787.png
160,160,160,160,203957,Danté,Exum,Danté Exum,https://cdn.nba.com/headshots/nba/latest/1040x760/203957.png
161,161,161,161,1628981,Bruno,Fernando,Bruno Fernando,https://cdn.nba.com/headshots/nba/latest/1040x760/1628981.png
162,162,162,162,1642499,Max,Fiedler,Max Fiedler,https://cdn.nba.com/headshots/nba/latest/1040x760/1642499.png
163,163,163,163,1642271,Kyle,Filipowski,Kyle Filipowski,https://cdn.nba.com/headshots/nba/latest/1040x760/1642271.png
164,164,164,164,1627827,Dorian,Finney-Smith,Dorian Finney-Smith,https://cdn.nba.com/headshots/nba/latest/1040x760/1627827.png
165,165,165,165,1641745,Adam,Flagler,Adam Flagler,https://cdn.nba.com/headshots/nba/latest/1040x760/1641745.png
166,166,166,166,1642280,Trentyn,Flowers,Trentyn Flowers,https://cdn.nba.com/headshots/nba/latest/1040x760/1642280.png
167,167,167,167,1630201,Malachi,Flynn,Malachi Flynn,https://cdn.nba.com/headshots/nba/latest/1040x760/1630201.png
168,168,168,168,1631323,Simone,Fontecchio,Simone Fontecchio,https://cdn.nba.com/headshots/nba/latest/1040x760/1631323.png
169,169,169,169,1628368,De'Aaron,Fox,De'Aaron Fox,https://cdn.nba.com/headshots/nba/latest/1040x760/1628368.png
170,170,170,170,1642402,Enrique,Freeman,Enrique Freeman,https://cdn.nba.com/headshots/nba/latest/1040x760/1642402.png
171,171,171,171,1641847,Andrew,Funk,Andrew Funk,https://cdn.nba.com/headshots/nba/latest/1040x760/1641847.png
172,172,172,172,1642277,Johnny,Furphy,Johnny Furphy,https://cdn.nba.com/headshots/nba/latest/1040x760/1642277.png
173,173,173,173,1629655,Daniel,Gafford,Daniel Gafford,https://cdn.nba.com/headshots/nba/latest/1040x760/1629655.png
174,174,174,174,1629636,Darius,Garland,Darius Garland,https://cdn.nba.com/headshots/nba/latest/1040x760/1629636.png
175,175,175,175,1630568,Luka,Garza,Luka Garza,https://cdn.nba.com/headshots/nba/latest/1040x760/1630568.png
176,176,176,176,1641718,Keyonte,George,Keyonte George,https://cdn.nba.com/headshots/nba/latest/1040x760/1641718.png
177,177,177,177,1642273,Kyshawn,George,Kyshawn George,https://cdn.nba.com/headshots/nba/latest/1040x760/1642273.png
178,178,178,178,202331,Paul,George,Paul George,https://cdn.nba.com/headshots/nba/latest/1040x760/202331.png
179,179,179,179,201959,Taj,Gibson,Taj Gibson,https://cdn.nba.com/headshots/nba/latest/1040x760/201959.png
180,180,180,180,1630581,Josh,Giddey,Josh Giddey,https://cdn.nba.com/headshots/nba/latest/1040x760/1630581.png
181,181,181,181,1628385,Harry,Giles III,Harry Giles III,https://cdn.nba.com/headshots/nba/latest/1040x760/1628385.png
182,182,182,182,1628983,Shai,Gilgeous-Alexander,Shai Gilgeous-Alexander,https://cdn.nba.com/headshots/nba/latest/1040x760/1628983.png
183,183,183,183,1630264,Anthony,Gill,Anthony Gill,https://cdn.nba.com/headshots/nba/latest/1040x760/1630264.png
184,184,184,184,1631221,Collin,Gillespie,Collin Gillespie,https://cdn.nba.com/headshots/nba/latest/1040x760/1631221.png
185,185,185,185,1631367,Jacob,Gilyard,Jacob Gilyard,https://cdn.nba.com/headshots/nba/latest/1040x760/1631367.png
186,186,186,186,203497,Rudy,Gobert,Rudy Gobert,https://cdn.nba.com/headshots/nba/latest/1040x760/203497.png
187,187,187,187,1630692,Jordan,Goodwin,Jordan Goodwin,https://cdn.nba.com/headshots/nba/latest/1040x760/1630692.png
188,188,188,188,203932,Aaron,Gordon,Aaron Gordon,https://cdn.nba.com/headshots/nba/latest/1040x760/203932.png
189,189,189,189,201569,Eric,Gordon,Eric Gordon,https://cdn.nba.com/headshots/nba/latest/1040x760/201569.png
190,190,190,190,1641789,Jazian,Gortman,Jazian Gortman,https://cdn.nba.com/headshots/nba/latest/1040x760/1641789.png
191,191,191,191,1628984,Devonte',Graham,Devonte' Graham,https://cdn.nba.com/headshots/nba/latest/1040x760/1628984.png
192,192,192,192,203924,Jerami,Grant,Jerami Grant,https://cdn.nba.com/headshots/nba/latest/1040x760/203924.png
193,193,193,193,1631260,AJ,Green,AJ Green,https://cdn.nba.com/headshots/nba/latest/1040x760/1631260.png
194,194,194,194,203110,Draymond,Green,Draymond Green,https://cdn.nba.com/headshots/nba/latest/1040x760/203110.png
195,195,195,195,1630224,Jalen,Green,Jalen Green,https://cdn.nba.com/headshots/nba/latest/1040x760/1630224.png
196,196,196,196,1629750,Javonte,Green,Javonte Green,https://cdn.nba.com/headshots/nba/latest/1040x760/1629750.png
197,197,197,197,201145,Jeff,Green,Jeff Green,https://cdn.nba.com/headshots/nba/latest/1040x760/201145.png
198,198,198,198,1630182,Josh,Green,Josh Green,https://cdn.nba.com/headshots/nba/latest/1040x760/1630182.png
199,199,199,199,1629656,Quentin,Grimes,Quentin Grimes,https://cdn.nba.com/headshots/nba/latest/1040x760/1629656.png
200,200,200,200,1631243,Mouhamed,Gueye,Mouhamed Gueye,https://cdn.nba.com/headshots/nba/latest/1040x760/1631243.png
201,201,201,201,1629060,Rui,Hachimura,Rui Hachimura,https://cdn.nba.com/headshots/nba/latest/1040x760/1629060.png
202,202,202,202,1630169,Tyrese,Haliburton,Tyrese Haliburton,https://cdn.nba.com/headshots/nba/latest/1040x760/1630169.png
203,203,203,203,1641790,PJ,Hall,PJ Hall,https://cdn.nba.com/headshots/nba/latest/1040x760/1641790.png
204,204,204,204,203501,Tim,Hardaway Jr.,Tim Hardaway Jr.,https://cdn.nba.com/headshots/nba/latest/1040x760/203501.png
205,205,205,205,201935,James,Harden,James Harden,https://cdn.nba.com/headshots/nba/latest/1040x760/201935.png
206,206,206,206,1630702,Jaden,Hardy,Jaden Hardy,https://cdn.nba.com/headshots/nba/latest/1040x760/1630702.png
207,207,207,207,1641989,Elijah,Harkless,Elijah Harkless,https://cdn.nba.com/headshots/nba/latest/1040x760/1641989.png
208,208,208,208,1631199,Ron,Harper Jr.,Ron Harper Jr.,https://cdn.nba.com/headshots/nba/latest/1040x760/1631199.png
209,209,209,209,203914,Gary,Harris,Gary Harris,https://cdn.nba.com/headshots/nba/latest/1040x760/203914.png
210,210,210,210,1630284,Kevon,Harris,Kevon Harris,https://cdn.nba.com/headshots/nba/latest/1040x760/1630284.png
211,211,211,211,202699,Tobias,Harris,Tobias Harris,https://cdn.nba.com/headshots/nba/latest/1040x760/202699.png
212,212,212,212,1628404,Josh,Hart,Josh Hart,https://cdn.nba.com/headshots/nba/latest/1040x760/1628404.png
213,213,213,213,1628392,Isaiah,Hartenstein,Isaiah Hartenstein,https://cdn.nba.com/headshots/nba/latest/1040x760/1628392.png
214,214,214,214,1630573,Sam,Hauser,Sam Hauser,https://cdn.nba.com/headshots/nba/latest/1040x760/1630573.png
215,215,215,215,1641722,Jordan,Hawkins,Jordan Hawkins,https://cdn.nba.com/headshots/nba/latest/1040x760/1641722.png
216,216,216,216,1629637,Jaxson,Hayes,Jaxson Hayes,https://cdn.nba.com/headshots/nba/latest/1040x760/1629637.png
217,217,217,217,1630165,Killian,Hayes,Killian Hayes,https://cdn.nba.com/headshots/nba/latest/1040x760/1630165.png
218,218,218,218,1630703,Scoot,Henderson,Scoot Henderson,https://cdn.nba.com/headshots/nba/latest/1040x760/1630703.png
219,219,219,219,1641707,Taylor,Hendricks,Taylor Hendricks,https://cdn.nba.com/headshots/nba/latest/1040x760/1641707.png
220,220,220,220,1629639,Tyler,Herro,Tyler Herro,https://cdn.nba.com/headshots/nba/latest/1040x760/1629639.png
221,221,221,221,1627741,Buddy,Hield,Buddy Hield,https://cdn.nba.com/headshots/nba/latest/1040x760/1627741.png
222,222,222,222,1629312,Haywood,Highsmith,Haywood Highsmith,https://cdn.nba.com/headshots/nba/latest/1040x760/1629312.png
223,223,223,223,1630792,Malcolm,Hill,Malcolm Hill,https://cdn.nba.com/headshots/nba/latest/1040x760/1630792.png
224,224,224,224,1642396,Blake,Hinson,Blake Hinson,https://cdn.nba.com/headshots/nba/latest/1040x760/1642396.png
225,225,225,225,1630207,Nate,Hinton,Nate Hinton,https://cdn.nba.com/headshots/nba/latest/1040x760/1630207.png
226,226,226,226,1628988,Aaron,Holiday,Aaron Holiday,https://cdn.nba.com/headshots/nba/latest/1040x760/1628988.png
227,227,227,227,201950,Jrue,Holiday,Jrue Holiday,https://cdn.nba.com/headshots/nba/latest/1040x760/201950.png
228,228,228,228,1641842,Ronald,Holland II,Ronald Holland II,https://cdn.nba.com/headshots/nba/latest/1040x760/1641842.png
229,229,229,229,1626158,Richaun,Holmes,Richaun Holmes,https://cdn.nba.com/headshots/nba/latest/1040x760/1626158.png
230,230,230,230,1641747,DaRon,Holmes II,DaRon Holmes II,https://cdn.nba.com/headshots/nba/latest/1040x760/1641747.png
231,231,231,231,1631096,Chet,Holmgren,Chet Holmgren,https://cdn.nba.com/headshots/nba/latest/1040x760/1631096.png
232,232,232,232,1641720,Jalen,Hood-Schifino,Jalen Hood-Schifino,https://cdn.nba.com/headshots/nba/latest/1040x760/1641720.png
233,233,233,233,201143,Al,Horford,Al Horford,https://cdn.nba.com/headshots/nba/latest/1040x760/201143.png
234,234,234,234,1629659,Talen,Horton-Tucker,Talen Horton-Tucker,https://cdn.nba.com/headshots/nba/latest/1040x760/1629659.png
235,235,235,235,1631216,Caleb,Houstan,Caleb Houstan,https://cdn.nba.com/headshots/nba/latest/1040x760/1631216.png
236,236,236,236,1641724,Jett,Howard,Jett Howard,https://cdn.nba.com/headshots/nba/latest/1040x760/1641724.png
237,237,237,237,1628989,Kevin,Huerter,Kevin Huerter,https://cdn.nba.com/headshots/nba/latest/1040x760/1628989.png
238,238,238,238,1630643,Jay,Huff,Jay Huff,https://cdn.nba.com/headshots/nba/latest/1040x760/1630643.png
239,239,239,239,1630574,Ariel,Hukporti,Ariel Hukporti,https://cdn.nba.com/headshots/nba/latest/1040x760/1630574.png
240,240,240,240,1629631,De'Andre,Hunter,De'Andre Hunter,https://cdn.nba.com/headshots/nba/latest/1040x760/1629631.png
241,241,241,241,1630538,Bones,Hyland,Bones Hyland,https://cdn.nba.com/headshots/nba/latest/1040x760/1630538.png
242,242,242,242,1642345,Oso,Ighodaro,Oso Ighodaro,https://cdn.nba.com/headshots/nba/latest/1040x760/1642345.png
243,243,243,243,204060,Joe,Ingles,Joe Ingles,https://cdn.nba.com/headshots/nba/latest/1040x760/204060.png
244,244,244,244,1627742,Brandon,Ingram,Brandon Ingram,https://cdn.nba.com/headshots/nba/latest/1040x760/1627742.png
245,245,245,245,1631127,Harrison,Ingram,Harrison Ingram,https://cdn.nba.com/headshots/nba/latest/1040x760/1631127.png
246,246,246,246,202681,Kyrie,Irving,Kyrie Irving,https://cdn.nba.com/headshots/nba/latest/1040x760/202681.png
247,247,247,247,1628371,Jonathan,Isaac,Jonathan Isaac,https://cdn.nba.com/headshots/nba/latest/1040x760/1628371.png
248,248,248,248,1631093,Jaden,Ivey,Jaden Ivey,https://cdn.nba.com/headshots/nba/latest/1040x760/1631093.png
249,249,249,249,1641713,GG,Jackson,GG Jackson,https://cdn.nba.com/headshots/nba/latest/1040x760/1641713.png
250,250,250,250,1630543,Isaiah,Jackson,Isaiah Jackson,https://cdn.nba.com/headshots/nba/latest/1040x760/1630543.png
251,251,251,251,1631245,Quenton,Jackson,Quenton Jackson,https://cdn.nba.com/headshots/nba/latest/1040x760/1631245.png
252,252,252,252,202704,Reggie,Jackson,Reggie Jackson,https://cdn.nba.com/headshots/nba/latest/1040x760/202704.png
253,253,253,253,1641748,Andre,Jackson Jr.,Andre Jackson Jr.,https://cdn.nba.com/headshots/nba/latest/1040x760/1641748.png
254,254,254,254,1628991,Jaren,Jackson Jr.,Jaren Jackson Jr.,https://cdn.nba.com/headshots/nba/latest/1040x760/1628991.png
255,255,255,255,1631218,Trayce,Jackson-Davis,Trayce Jackson-Davis,https://cdn.nba.com/headshots/nba/latest/1040x760/1631218.png
256,256,256,256,1642355,Bronny,James,Bronny James,https://cdn.nba.com/headshots/nba/latest/1040x760/1642355.png
257,257,257,257,2544,LeBron,James,LeBron James,https://cdn.nba.com/headshots/nba/latest/1040x760/2544.png
258,258,258,258,1631170,Jaime,Jaquez Jr.,Jaime Jaquez Jr.,https://cdn.nba.com/headshots/nba/latest/1040x760/1631170.png
259,259,259,259,1629610,DaQuan,Jeffries,DaQuan Jeffries,https://cdn.nba.com/headshots/nba/latest/1040x760/1629610.png
260,260,260,260,1641998,Trey,Jemison,Trey Jemison,https://cdn.nba.com/headshots/nba/latest/1040x760/1641998.png
261,261,261,261,1642450,Daniss,Jenkins,Daniss Jenkins,https://cdn.nba.com/headshots/nba/latest/1040x760/1642450.png
262,262,262,262,1629660,Ty,Jerome,Ty Jerome,https://cdn.nba.com/headshots/nba/latest/1040x760/1629660.png
263,263,263,263,1630198,Isaiah,Joe,Isaiah Joe,https://cdn.nba.com/headshots/nba/latest/1040x760/1630198.png
264,264,264,264,1642358,AJ,Johnson,AJ Johnson,https://cdn.nba.com/headshots/nba/latest/1040x760/1642358.png
265,265,265,265,1629661,Cameron,Johnson,Cameron Johnson,https://cdn.nba.com/headshots/nba/latest/1040x760/1629661.png
266,266,266,266,1630552,Jalen,Johnson,Jalen Johnson,https://cdn.nba.com/headshots/nba/latest/1040x760/1630552.png
267,267,267,267,201949,James,Johnson,James Johnson,https://cdn.nba.com/headshots/nba/latest/1040x760/201949.png
268,268,268,268,1629640,Keldon,Johnson,Keldon Johnson,https://cdn.nba.com/headshots/nba/latest/1040x760/1629640.png
269,269,269,269,1630553,Keon,Johnson,Keon Johnson,https://cdn.nba.com/headshots/nba/latest/1040x760/1630553.png
270,270,270,270,1642352,Keshad,Johnson,Keshad Johnson,https://cdn.nba.com/headshots/nba/latest/1040x760/1642352.png
271,271,271,271,1641749,Keyontae,Johnson,Keyontae Johnson,https://cdn.nba.com/headshots/nba/latest/1040x760/1641749.png
272,272,272,272,203999,Nikola,Jokić,Nikola Jokić,https://cdn.nba.com/headshots/nba/latest/1040x760/203999.png
273,273,273,273,1641732,Colby,Jones,Colby Jones,https://cdn.nba.com/headshots/nba/latest/1040x760/1641732.png
274,274,274,274,1641794,Dillon,Jones,Dillon Jones,https://cdn.nba.com/headshots/nba/latest/1040x760/1641794.png
275,275,275,275,1630529,Herbert,Jones,Herbert Jones,https://cdn.nba.com/headshots/nba/latest/1040x760/1630529.png
276,276,276,276,1642403,Isaac,Jones,Isaac Jones,https://cdn.nba.com/headshots/nba/latest/1040x760/1642403.png
277,277,277,277,1630539,Kai,Jones,Kai Jones,https://cdn.nba.com/headshots/nba/latest/1040x760/1630539.png
278,278,278,278,1630222,Mason,Jones,Mason Jones,https://cdn.nba.com/headshots/nba/latest/1040x760/1630222.png
279,279,279,279,1642461,Spencer,Jones,Spencer Jones,https://cdn.nba.com/headshots/nba/latest/1040x760/1642461.png
280,280,280,280,1630200,Tre,Jones,Tre Jones,https://cdn.nba.com/headshots/nba/latest/1040x760/1630200.png
281,281,281,281,1626145,Tyus,Jones,Tyus Jones,https://cdn.nba.com/headshots/nba/latest/1040x760/1626145.png
282,282,282,282,1627884,Derrick,Jones Jr.,Derrick Jones Jr.,https://cdn.nba.com/headshots/nba/latest/1040x760/1627884.png
283,283,283,283,201599,DeAndre,Jordan,DeAndre Jordan,https://cdn.nba.com/headshots/nba/latest/1040x760/201599.png
284,284,284,284,202709,Cory,Joseph,Cory Joseph,https://cdn.nba.com/headshots/nba/latest/1040x760/202709.png
285,285,285,285,1631107,Nikola,Jović,Nikola Jović,https://cdn.nba.com/headshots/nba/latest/1040x760/1631107.png
286,286,286,286,1630548,Johnny,Juzang,Johnny Juzang,https://cdn.nba.com/headshots/nba/latest/1040x760/1630548.png
287,287,287,287,1626163,Frank,Kaminsky,Frank Kaminsky,https://cdn.nba.com/headshots/nba/latest/1040x760/1626163.png
288,288,288,288,1642530,Yuki,Kawamura,Yuki Kawamura,https://cdn.nba.com/headshots/nba/latest/1040x760/1642530.png
289,289,289,289,1630283,Kylor,Kelley,Kylor Kelley,https://cdn.nba.com/headshots/nba/latest/1040x760/1630283.png
290,290,290,290,1628379,Luke,Kennard,Luke Kennard,https://cdn.nba.com/headshots/nba/latest/1040x760/1628379.png
291,291,291,291,1631117,Walker,Kessler,Walker Kessler,https://cdn.nba.com/headshots/nba/latest/1040x760/1631117.png
292,292,292,292,1630557,Corey,Kispert,Corey Kispert,https://cdn.nba.com/headshots/nba/latest/1040x760/1630557.png
293,293,293,293,1628467,Maxi,Kleber,Maxi Kleber,https://cdn.nba.com/headshots/nba/latest/1040x760/1628467.png
294,294,294,294,1641752,Bobi,Klintman,Bobi Klintman,https://cdn.nba.com/headshots/nba/latest/1040x760/1641752.png
295,295,295,295,1642261,Dalton,Knecht,Dalton Knecht,https://cdn.nba.com/headshots/nba/latest/1040x760/1642261.png
296,296,296,296,1628995,Kevin,Knox II,Kevin Knox II,https://cdn.nba.com/headshots/nba/latest/1040x760/1628995.png
297,297,297,297,1642278,Tyler,Kolek,Tyler Kolek,https://cdn.nba.com/headshots/nba/latest/1040x760/1642278.png
298,298,298,298,1631132,Christian,Koloko,Christian Koloko,https://cdn.nba.com/headshots/nba/latest/1040x760/1631132.png
299,299,299,299,1629723,John,Konchar,John Konchar,https://cdn.nba.com/headshots/nba/latest/1040x760/1629723.png
300,300,300,300,1642046,Miller,Kopp,Miller Kopp,https://cdn.nba.com/headshots/nba/latest/1040x760/1642046.png
301,301,301,301,1628436,Luke,Kornet,Luke Kornet,https://cdn.nba.com/headshots/nba/latest/1040x760/1628436.png
302,302,302,302,1630249,Vít,Krejčí,Vít Krejčí,https://cdn.nba.com/headshots/nba/latest/1040x760/1630249.png
303,303,303,303,1630228,Jonathan,Kuminga,Jonathan Kuminga,https://cdn.nba.com/headshots/nba/latest/1040x760/1630228.png
304,304,304,304,1628398,Kyle,Kuzma,Kyle Kuzma,https://cdn.nba.com/headshots/nba/latest/1040x760/1628398.png
305,305,305,305,1631222,Jake,LaRavia,Jake LaRavia,https://cdn.nba.com/headshots/nba/latest/1040x760/1631222.png
306,306,306,306,203897,Zach,LaVine,Zach LaVine,https://cdn.nba.com/headshots/nba/latest/1040x760/203897.png
307,307,307,307,1627746,Skal,Labissiere,Skal Labissiere,https://cdn.nba.com/headshots/nba/latest/1040x760/1627746.png
308,308,308,308,1629111,Jock,Landale,Jock Landale,https://cdn.nba.com/headshots/nba/latest/1040x760/1629111.png
309,309,309,309,1641796,Pelle,Larsson,Pelle Larsson,https://cdn.nba.com/headshots/nba/latest/1040x760/1641796.png
310,310,310,310,1627747,Caris,LeVert,Caris LeVert,https://cdn.nba.com/headshots/nba/latest/1040x760/1627747.png
311,311,311,311,1627814,Damion,Lee,Damion Lee,https://cdn.nba.com/headshots/nba/latest/1040x760/1627814.png
312,312,312,312,203458,Alex,Len,Alex Len,https://cdn.nba.com/headshots/nba/latest/1040x760/203458.png
313,313,313,313,202695,Kawhi,Leonard,Kawhi Leonard,https://cdn.nba.com/headshots/nba/latest/1040x760/202695.png
314,314,314,314,1642502,Malevy,Leons,Malevy Leons,https://cdn.nba.com/headshots/nba/latest/1040x760/1642502.png
315,315,315,315,1641721,Maxwell,Lewis,Maxwell Lewis,https://cdn.nba.com/headshots/nba/latest/1040x760/1641721.png
316,316,316,316,1630184,Kira,Lewis Jr.,Kira Lewis Jr.,https://cdn.nba.com/headshots/nba/latest/1040x760/1630184.png
317,317,317,317,1630604,E.J.,Liddell,E.J. Liddell,https://cdn.nba.com/headshots/nba/latest/1040x760/1630604.png
318,318,318,318,203081,Damian,Lillard,Damian Lillard,https://cdn.nba.com/headshots/nba/latest/1040x760/203081.png
319,319,319,319,1629642,Nassir,Little,Nassir Little,https://cdn.nba.com/headshots/nba/latest/1040x760/1629642.png
320,320,320,320,1641726,Dereck,Lively II,Dereck Lively II,https://cdn.nba.com/headshots/nba/latest/1040x760/1641726.png
321,321,321,321,1641753,Chris,Livingston,Chris Livingston,https://cdn.nba.com/headshots/nba/latest/1040x760/1641753.png
322,322,322,322,1631254,Kenneth,Lofton Jr.,Kenneth Lofton Jr.,https://cdn.nba.com/headshots/nba/latest/1040x760/1631254.png
323,323,323,323,1626172,Kevon,Looney,Kevon Looney,https://cdn.nba.com/headshots/nba/latest/1040x760/1626172.png
324,324,324,324,201572,Brook,Lopez,Brook Lopez,https://cdn.nba.com/headshots/nba/latest/1040x760/201572.png
325,325,325,325,201567,Kevin,Love,Kevin Love,https://cdn.nba.com/headshots/nba/latest/1040x760/201567.png
326,326,326,326,200768,Kyle,Lowry,Kyle Lowry,https://cdn.nba.com/headshots/nba/latest/1040x760/200768.png
327,327,327,327,1641754,Seth,Lundy,Seth Lundy,https://cdn.nba.com/headshots/nba/latest/1040x760/1641754.png
328,328,328,328,1626168,Trey,Lyles,Trey Lyles,https://cdn.nba.com/headshots/nba/latest/1040x760/1626168.png
329,329,329,329,1627748,Thon,Maker,Thon Maker,https://cdn.nba.com/headshots/nba/latest/1040x760/1627748.png
330,330,330,330,1630572,Sandro,Mamukelashvili,Sandro Mamukelashvili,https://cdn.nba.com/headshots/nba/latest/1040x760/1630572.png
331,331,331,331,1629611,Terance,Mann,Terance Mann,https://cdn.nba.com/headshots/nba/latest/1040x760/1629611.png
332,332,332,332,1630544,Tre,Mann,Tre Mann,https://cdn.nba.com/headshots/nba/latest/1040x760/1630544.png
333,333,333,333,1628374,Lauri,Markkanen,Lauri Markkanen,https://cdn.nba.com/headshots/nba/latest/1040x760/1628374.png
334,334,334,334,1630230,Naji,Marshall,Naji Marshall,https://cdn.nba.com/headshots/nba/latest/1040x760/1630230.png
335,335,335,335,1628997,Caleb,Martin,Caleb Martin,https://cdn.nba.com/headshots/nba/latest/1040x760/1628997.png
336,336,336,336,1628998,Cody,Martin,Cody Martin,https://cdn.nba.com/headshots/nba/latest/1040x760/1628998.png
337,337,337,337,1641798,Jaylen,Martin,Jaylen Martin,https://cdn.nba.com/headshots/nba/latest/1040x760/1641798.png
338,338,338,338,1630231,KJ,Martin,KJ Martin,https://cdn.nba.com/headshots/nba/latest/1040x760/1630231.png
339,339,339,339,1631213,Tyrese,Martin,Tyrese Martin,https://cdn.nba.com/headshots/nba/latest/1040x760/1631213.png
340,340,340,340,1629726,Garrison,Mathews,Garrison Mathews,https://cdn.nba.com/headshots/nba/latest/1040x760/1629726.png
341,341,341,341,1631097,Bennedict,Mathurin,Bennedict Mathurin,https://cdn.nba.com/headshots/nba/latest/1040x760/1631097.png
342,342,342,342,1631255,Karlo,Matković,Karlo Matković,https://cdn.nba.com/headshots/nba/latest/1040x760/1631255.png
343,343,343,343,1630178,Tyrese,Maxey,Tyrese Maxey,https://cdn.nba.com/headshots/nba/latest/1040x760/1630178.png
344,344,344,344,1630219,Skylar,Mays,Skylar Mays,https://cdn.nba.com/headshots/nba/latest/1040x760/1630219.png
345,345,345,345,1630540,Miles,McBride,Miles McBride,https://cdn.nba.com/headshots/nba/latest/1040x760/1630540.png
346,346,346,346,1642272,Jared,McCain,Jared McCain,https://cdn.nba.com/headshots/nba/latest/1040x760/1642272.png
347,347,347,347,1630644,Mac,McClung,Mac McClung,https://cdn.nba.com/headshots/nba/latest/1040x760/1630644.png
348,348,348,348,203468,CJ,McCollum,CJ McCollum,https://cdn.nba.com/headshots/nba/latest/1040x760/203468.png
349,349,349,349,204456,T.J.,McConnell,T.J. McConnell,https://cdn.nba.com/headshots/nba/latest/1040x760/204456.png
350,350,350,350,1631322,Javante,McCoy,Javante McCoy,https://cdn.nba.com/headshots/nba/latest/1040x760/1631322.png
351,351,351,351,1641755,Kevin,McCullar Jr.,Kevin McCullar Jr.,https://cdn.nba.com/headshots/nba/latest/1040x760/1641755.png
352,352,352,352,1630183,Jaden,McDaniels,Jaden McDaniels,https://cdn.nba.com/headshots/nba/latest/1040x760/1630183.png
353,353,353,353,1629667,Jalen,McDaniels,Jalen McDaniels,https://cdn.nba.com/headshots/nba/latest/1040x760/1629667.png
354,354,354,354,1631121,Bryce,McGowens,Bryce McGowens,https://cdn.nba.com/headshots/nba/latest/1040x760/1631121.png
355,355,355,355,1629162,Jordan,McLaughlin,Jordan McLaughlin,https://cdn.nba.com/headshots/nba/latest/1040x760/1629162.png
356,356,356,356,1629098,Jack,McVeigh,Jack McVeigh,https://cdn.nba.com/headshots/nba/latest/1040x760/1629098.png
357,357,357,357,1629001,De'Anthony,Melton,De'Anthony Melton,https://cdn.nba.com/headshots/nba/latest/1040x760/1629001.png
358,358,358,358,1641877,Nathan,Mensah,Nathan Mensah,https://cdn.nba.com/headshots/nba/latest/1040x760/1641877.png
359,359,359,359,1630241,Sam,Merrill,Sam Merrill,https://cdn.nba.com/headshots/nba/latest/1040x760/1630241.png
360,360,360,360,203995,Vasilije,Micić,Vasilije Micić,https://cdn.nba.com/headshots/nba/latest/1040x760/203995.png
361,361,361,361,203114,Khris,Middleton,Khris Middleton,https://cdn.nba.com/headshots/nba/latest/1040x760/203114.png
362,362,362,362,1641706,Brandon,Miller,Brandon Miller,https://cdn.nba.com/headshots/nba/latest/1040x760/1641706.png
363,363,363,363,1641801,Emanuel,Miller,Emanuel Miller,https://cdn.nba.com/headshots/nba/latest/1040x760/1641801.png
364,364,364,364,1641757,Jordan,Miller,Jordan Miller,https://cdn.nba.com/headshots/nba/latest/1040x760/1641757.png
365,365,365,365,1631159,Leonard,Miller,Leonard Miller,https://cdn.nba.com/headshots/nba/latest/1040x760/1631159.png
366,366,366,366,201988,Patty,Mills,Patty Mills,https://cdn.nba.com/headshots/nba/latest/1040x760/201988.png
367,367,367,367,1629003,Shake,Milton,Shake Milton,https://cdn.nba.com/headshots/nba/latest/1040x760/1629003.png
368,368,368,368,1631303,Justin,Minaya,Justin Minaya,https://cdn.nba.com/headshots/nba/latest/1040x760/1631303.png
369,369,369,369,1642434,Riley,Minix,Riley Minix,https://cdn.nba.com/headshots/nba/latest/1040x760/1642434.png
370,370,370,370,1631169,Josh,Minott,Josh Minott,https://cdn.nba.com/headshots/nba/latest/1040x760/1631169.png
371,371,371,371,1641758,Judah,Mintz,Judah Mintz,https://cdn.nba.com/headshots/nba/latest/1040x760/1641758.png
372,372,372,372,1642274,Yves,Missi,Yves Missi,https://cdn.nba.com/headshots/nba/latest/1040x760/1642274.png
373,373,373,373,1642349,Ajay,Mitchell,Ajay Mitchell,https://cdn.nba.com/headshots/nba/latest/1040x760/1642349.png
374,374,374,374,1630558,Davion,Mitchell,Davion Mitchell,https://cdn.nba.com/headshots/nba/latest/1040x760/1630558.png
375,375,375,375,1628378,Donovan,Mitchell,Donovan Mitchell,https://cdn.nba.com/headshots/nba/latest/1040x760/1628378.png
376,376,376,376,1630596,Evan,Mobley,Evan Mobley,https://cdn.nba.com/headshots/nba/latest/1040x760/1630596.png
377,377,377,377,1630600,Isaiah,Mobley,Isaiah Mobley,https://cdn.nba.com/headshots/nba/latest/1040x760/1630600.png
378,378,378,378,1642367,Jonathan,Mogbo,Jonathan Mogbo,https://cdn.nba.com/headshots/nba/latest/1040x760/1642367.png
379,379,379,379,1628370,Malik,Monk,Malik Monk,https://cdn.nba.com/headshots/nba/latest/1040x760/1628370.png
380,380,380,380,1630541,Moses,Moody,Moses Moody,https://cdn.nba.com/headshots/nba/latest/1040x760/1630541.png
381,381,381,381,1631386,Tazé,Moore,Tazé Moore,https://cdn.nba.com/headshots/nba/latest/1040x760/1631386.png
382,382,382,382,1631111,Wendell,Moore Jr.,Wendell Moore Jr.,https://cdn.nba.com/headshots/nba/latest/1040x760/1631111.png
383,383,383,383,1629630,Ja,Morant,Ja Morant,https://cdn.nba.com/headshots/nba/latest/1040x760/1629630.png
384,384,384,384,202693,Markieff,Morris,Markieff Morris,https://cdn.nba.com/headshots/nba/latest/1040x760/202693.png
385,385,385,385,1628420,Monté,Morris,Monté Morris,https://cdn.nba.com/headshots/nba/latest/1040x760/1628420.png
386,386,386,386,1630530,Trey,Murphy III,Trey Murphy III,https://cdn.nba.com/headshots/nba/latest/1040x760/1630530.png
387,387,387,387,1627749,Dejounte,Murray,Dejounte Murray,https://cdn.nba.com/headshots/nba/latest/1040x760/1627749.png
388,388,388,388,1627750,Jamal,Murray,Jamal Murray,https://cdn.nba.com/headshots/nba/latest/1040x760/1627750.png
389,389,389,389,1631099,Keegan,Murray,Keegan Murray,https://cdn.nba.com/headshots/nba/latest/1040x760/1631099.png
390,390,390,390,1631200,Kris,Murray,Kris Murray,https://cdn.nba.com/headshots/nba/latest/1040x760/1631200.png
391,391,391,391,1629004,Svi,Mykhailiuk,Svi Mykhailiuk,https://cdn.nba.com/headshots/nba/latest/1040x760/1629004.png
392,392,392,392,1631250,Pete,Nance,Pete Nance,https://cdn.nba.com/headshots/nba/latest/1040x760/1631250.png
393,393,393,393,1626204,Larry,Nance Jr.,Larry Nance Jr.,https://cdn.nba.com/headshots/nba/latest/1040x760/1626204.png
394,394,394,394,1629614,Andrew,Nembhard,Andrew Nembhard,https://cdn.nba.com/headshots/nba/latest/1040x760/1629614.png
395,395,395,395,1630174,Aaron,Nesmith,Aaron Nesmith,https://cdn.nba.com/headshots/nba/latest/1040x760/1630174.png
396,396,396,396,1641803,Tristen,Newton,Tristen Newton,https://cdn.nba.com/headshots/nba/latest/1040x760/1641803.png
397,397,397,397,1627777,Georges,Niang,Georges Niang,https://cdn.nba.com/headshots/nba/latest/1040x760/1627777.png
398,398,398,398,1630227,Daishen,Nix,Daishen Nix,https://cdn.nba.com/headshots/nba/latest/1040x760/1630227.png
399,399,399,399,1630192,Zeke,Nnaji,Zeke Nnaji,https://cdn.nba.com/headshots/nba/latest/1040x760/1630192.png
400,400,400,400,1629669,Jaylen,Nowell,Jaylen Nowell,https://cdn.nba.com/headshots/nba/latest/1040x760/1629669.png
401,401,401,401,1641806,Markquis,Nowell,Markquis Nowell,https://cdn.nba.com/headshots/nba/latest/1040x760/1641806.png
402,402,402,402,203994,Jusuf,Nurkić,Jusuf Nurkić,https://cdn.nba.com/headshots/nba/latest/1040x760/203994.png
403,403,403,403,1626220,Royce,O'Neale,Royce O'Neale,https://cdn.nba.com/headshots/nba/latest/1040x760/1626220.png
404,404,404,404,1629643,Chuma,Okeke,Chuma Okeke,https://cdn.nba.com/headshots/nba/latest/1040x760/1629643.png
405,405,405,405,1629006,Josh,Okogie,Josh Okogie,https://cdn.nba.com/headshots/nba/latest/1040x760/1629006.png
406,406,406,406,1630168,Onyeka,Okongwu,Onyeka Okongwu,https://cdn.nba.com/headshots/nba/latest/1040x760/1630168.png
407,407,407,407,1630171,Isaac,Okoro,Isaac Okoro,https://cdn.nba.com/headshots/nba/latest/1040x760/1630171.png
408,408,408,408,1642439,Quincy,Olivari,Quincy Olivari,https://cdn.nba.com/headshots/nba/latest/1040x760/1642439.png
409,409,409,409,203482,Kelly,Olynyk,Kelly Olynyk,https://cdn.nba.com/headshots/nba/latest/1040x760/203482.png
410,410,410,410,1630647,Eugene,Omoruyi,Eugene Omoruyi,https://cdn.nba.com/headshots/nba/latest/1040x760/1630647.png
411,411,411,411,1629671,Miye,Oni,Miye Oni,https://cdn.nba.com/headshots/nba/latest/1040x760/1629671.png
412,412,412,412,1626162,Kelly,Oubre Jr.,Kelly Oubre Jr.,https://cdn.nba.com/headshots/nba/latest/1040x760/1626162.png
413,413,413,413,1628394,Anžejs,Pasečņiks,Anžejs Pasečņiks,https://cdn.nba.com/headshots/nba/latest/1040x760/1628394.png
414,414,414,414,101108,Chris,Paul,Chris Paul,https://cdn.nba.com/headshots/nba/latest/1040x760/101108.png
415,415,415,415,1626166,Cameron,Payne,Cameron Payne,https://cdn.nba.com/headshots/nba/latest/1040x760/1626166.png
416,416,416,416,1627780,Gary,Payton II,Gary Payton II,https://cdn.nba.com/headshots/nba/latest/1040x760/1627780.png
417,417,417,417,1641970,Mãozinha,Pereira,Mãozinha Pereira,https://cdn.nba.com/headshots/nba/latest/1040x760/1641970.png
418,418,418,418,1641809,Drew,Peterson,Drew Peterson,https://cdn.nba.com/headshots/nba/latest/1040x760/1641809.png
419,419,419,419,1641763,Julian,Phillips,Julian Phillips,https://cdn.nba.com/headshots/nba/latest/1040x760/1641763.png
420,420,420,420,1629618,Jalen,Pickett,Jalen Pickett,https://cdn.nba.com/headshots/nba/latest/1040x760/1629618.png
421,421,421,421,1630590,Scotty,Pippen Jr.,Scotty Pippen Jr.,https://cdn.nba.com/headshots/nba/latest/1040x760/1630590.png
422,422,422,422,1631342,Daeqwon,Plowden,Daeqwon Plowden,https://cdn.nba.com/headshots/nba/latest/1040x760/1631342.png
423,423,423,423,203486,Mason,Plumlee,Mason Plumlee,https://cdn.nba.com/headshots/nba/latest/1040x760/203486.png
424,424,424,424,1641764,Brandin,Podziemski,Brandin Podziemski,https://cdn.nba.com/headshots/nba/latest/1040x760/1641764.png
425,425,425,425,1629673,Jordan,Poole,Jordan Poole,https://cdn.nba.com/headshots/nba/latest/1040x760/1629673.png
426,426,426,426,1641854,Craig,Porter Jr.,Craig Porter Jr.,https://cdn.nba.com/headshots/nba/latest/1040x760/1641854.png
427,427,427,427,1629645,Kevin,Porter Jr.,Kevin Porter Jr.,https://cdn.nba.com/headshots/nba/latest/1040x760/1629645.png
428,428,428,428,1629008,Michael,Porter Jr.,Michael Porter Jr.,https://cdn.nba.com/headshots/nba/latest/1040x760/1629008.png
429,429,429,429,1626171,Bobby,Portis,Bobby Portis,https://cdn.nba.com/headshots/nba/latest/1040x760/1626171.png
430,430,430,430,204001,Kristaps,Porziņģis,Kristaps Porziņģis,https://cdn.nba.com/headshots/nba/latest/1040x760/204001.png
431,431,431,431,1642366,Quinten,Post,Quinten Post,https://cdn.nba.com/headshots/nba/latest/1040x760/1642366.png
432,432,432,432,1630695,Micah,Potter,Micah Potter,https://cdn.nba.com/headshots/nba/latest/1040x760/1630695.png
433,433,433,433,203939,Dwight,Powell,Dwight Powell,https://cdn.nba.com/headshots/nba/latest/1040x760/203939.png
434,434,434,434,1626181,Norman,Powell,Norman Powell,https://cdn.nba.com/headshots/nba/latest/1040x760/1626181.png
435,435,435,435,1630554,Jason,Preston,Jason Preston,https://cdn.nba.com/headshots/nba/latest/1040x760/1630554.png
436,436,436,436,1627752,Taurean,Prince,Taurean Prince,https://cdn.nba.com/headshots/nba/latest/1040x760/1627752.png
437,437,437,437,1630202,Payton,Pritchard,Payton Pritchard,https://cdn.nba.com/headshots/nba/latest/1040x760/1630202.png
438,438,438,438,1641765,Olivier-Maxence,Prosper,Olivier-Maxence Prosper,https://cdn.nba.com/headshots/nba/latest/1040x760/1641765.png
439,439,439,439,1642389,Zyon,Pullin,Zyon Pullin,https://cdn.nba.com/headshots/nba/latest/1040x760/1642389.png
440,440,440,440,1627751,Jakob,Pöltl,Jakob Pöltl,https://cdn.nba.com/headshots/nba/latest/1040x760/1627751.png
441,441,441,441,1630243,Trevelin,Queen,Trevelin Queen,https://cdn.nba.com/headshots/nba/latest/1040x760/1630243.png
442,442,442,442,1629674,Neemias,Queta,Neemias Queta,https://cdn.nba.com/headshots/nba/latest/1040x760/1629674.png
443,443,443,443,1630193,Immanuel,Quickley,Immanuel Quickley,https://cdn.nba.com/headshots/nba/latest/1040x760/1630193.png
444,444,444,444,1631311,Lester,Quinones,Lester Quinones,https://cdn.nba.com/headshots/nba/latest/1040x760/1631311.png
445,445,445,445,1630186,Jahmi'us,Ramsey,Jahmi'us Ramsey,https://cdn.nba.com/headshots/nba/latest/1040x760/1630186.png
446,446,446,446,203944,Julius,Randle,Julius Randle,https://cdn.nba.com/headshots/nba/latest/1040x760/203944.png
447,447,447,447,1641871,Duop,Reath,Duop Reath,https://cdn.nba.com/headshots/nba/latest/1040x760/1641871.png
448,448,448,448,1630559,Austin,Reaves,Austin Reaves,https://cdn.nba.com/headshots/nba/latest/1040x760/1630559.png
449,449,449,449,1629629,Cam,Reddish,Cam Reddish,https://cdn.nba.com/headshots/nba/latest/1040x760/1629629.png
450,450,450,450,1630194,Paul,Reed,Paul Reed,https://cdn.nba.com/headshots/nba/latest/1040x760/1630194.png
451,451,451,451,1642024,Alex,Reese,Alex Reese,https://cdn.nba.com/headshots/nba/latest/1040x760/1642024.png
452,452,452,452,1641810,Antonio,Reeves,Antonio Reeves,https://cdn.nba.com/headshots/nba/latest/1040x760/1641810.png
453,453,453,453,1629675,Naz,Reid,Naz Reid,https://cdn.nba.com/headshots/nba/latest/1040x760/1629675.png
454,454,454,454,1631197,Jared,Rhoden,Jared Rhoden,https://cdn.nba.com/headshots/nba/latest/1040x760/1631197.png
455,455,455,455,1630208,Nick,Richards,Nick Richards,https://cdn.nba.com/headshots/nba/latest/1040x760/1630208.png
456,456,456,456,1626196,Josh,Richardson,Josh Richardson,https://cdn.nba.com/headshots/nba/latest/1040x760/1626196.png
457,457,457,457,1642019,Will,Richardson,Will Richardson,https://cdn.nba.com/headshots/nba/latest/1040x760/1642019.png
458,458,458,458,1642258,Zaccharie,Risacher,Zaccharie Risacher,https://cdn.nba.com/headshots/nba/latest/1040x760/1642258.png
459,459,459,459,1641857,Liam,Robbins,Liam Robbins,https://cdn.nba.com/headshots/nba/latest/1040x760/1641857.png
460,460,460,460,1629130,Duncan,Robinson,Duncan Robinson,https://cdn.nba.com/headshots/nba/latest/1040x760/1629130.png
461,461,461,461,1629011,Mitchell,Robinson,Mitchell Robinson,https://cdn.nba.com/headshots/nba/latest/1040x760/1629011.png
462,462,462,462,1631115,Orlando,Robinson,Orlando Robinson,https://cdn.nba.com/headshots/nba/latest/1040x760/1631115.png
463,463,463,463,1630526,Jeremiah,Robinson-Earl,Jeremiah Robinson-Earl,https://cdn.nba.com/headshots/nba/latest/1040x760/1630526.png
464,464,464,464,1631223,David,Roddy,David Roddy,https://cdn.nba.com/headshots/nba/latest/1040x760/1631223.png
465,465,465,465,1631157,Ryan,Rollins,Ryan Rollins,https://cdn.nba.com/headshots/nba/latest/1040x760/1631157.png
466,466,466,466,1642050,Jackson,Rowe,Jackson Rowe,https://cdn.nba.com/headshots/nba/latest/1040x760/1642050.png
467,467,467,467,1626179,Terry,Rozier,Terry Rozier,https://cdn.nba.com/headshots/nba/latest/1040x760/1626179.png
468,468,468,468,1641712,Rayan,Rupert,Rayan Rupert,https://cdn.nba.com/headshots/nba/latest/1040x760/1641712.png
469,469,469,469,1626156,D'Angelo,Russell,D'Angelo Russell,https://cdn.nba.com/headshots/nba/latest/1040x760/1626156.png
470,470,470,470,1642504,Cormac,Ryan,Cormac Ryan,https://cdn.nba.com/headshots/nba/latest/1040x760/1642504.png
471,471,471,471,1630346,Matt,Ryan,Matt Ryan,https://cdn.nba.com/headshots/nba/latest/1040x760/1630346.png
472,472,472,472,1627734,Domantas,Sabonis,Domantas Sabonis,https://cdn.nba.com/headshots/nba/latest/1040x760/1627734.png
473,473,473,473,1642275,Tidjane,Salaün,Tidjane Salaün,https://cdn.nba.com/headshots/nba/latest/1040x760/1642275.png
474,474,474,474,1631257,Jermaine,Samuels Jr.,Jermaine Samuels Jr.,https://cdn.nba.com/headshots/nba/latest/1040x760/1631257.png
475,475,475,475,1641766,Adama,Sanogo,Adama Sanogo,https://cdn.nba.com/headshots/nba/latest/1040x760/1641766.png
476,476,476,476,1630611,Gui,Santos,Gui Santos,https://cdn.nba.com/headshots/nba/latest/1040x760/1630611.png
477,477,477,477,1642259,Alexandre,Sarr,Alexandre Sarr,https://cdn.nba.com/headshots/nba/latest/1040x760/1642259.png
478,478,478,478,1631204,Marcus,Sasser,Marcus Sasser,https://cdn.nba.com/headshots/nba/latest/1040x760/1631204.png
479,479,479,479,1631248,Baylor,Scheierman,Baylor Scheierman,https://cdn.nba.com/headshots/nba/latest/1040x760/1631248.png
480,480,480,480,203471,Dennis,Schröder,Dennis Schröder,https://cdn.nba.com/headshots/nba/latest/1040x760/203471.png
481,481,481,481,1630206,Jay,Scrubb,Jay Scrubb,https://cdn.nba.com/headshots/nba/latest/1040x760/1630206.png
482,482,482,482,1631220,Dereon,Seabron,Dereon Seabron,https://cdn.nba.com/headshots/nba/latest/1040x760/1631220.png
483,483,483,483,1630578,Alperen,Sengun,Alperen Sengun,https://cdn.nba.com/headshots/nba/latest/1040x760/1630578.png
484,484,484,484,1641729,Brice,Sensabaugh,Brice Sensabaugh,https://cdn.nba.com/headshots/nba/latest/1040x760/1641729.png
485,485,485,485,1629012,Collin,Sexton,Collin Sexton,https://cdn.nba.com/headshots/nba/latest/1040x760/1629012.png
486,486,486,486,1629013,Landry,Shamet,Landry Shamet,https://cdn.nba.com/headshots/nba/latest/1040x760/1629013.png
487,487,487,487,1630545,Terrence,Shannon Jr.,Terrence Shannon Jr.,https://cdn.nba.com/headshots/nba/latest/1040x760/1630545.png
488,488,488,488,1642481,Jamarion,Sharp,Jamarion Sharp,https://cdn.nba.com/headshots/nba/latest/1040x760/1642481.png
489,489,489,489,1630549,Day'Ron,Sharpe,Day'Ron Sharpe,https://cdn.nba.com/headshots/nba/latest/1040x760/1630549.png
490,490,490,490,1631101,Shaedon,Sharpe,Shaedon Sharpe,https://cdn.nba.com/headshots/nba/latest/1040x760/1631101.png
491,491,491,491,1642347,Jamal,Shead,Jamal Shead,https://cdn.nba.com/headshots/nba/latest/1040x760/1642347.png
492,492,492,492,1641767,Ben,Sheppard,Ben Sheppard,https://cdn.nba.com/headshots/nba/latest/1040x760/1641767.png
493,493,493,493,1642263,Reed,Sheppard,Reed Sheppard,https://cdn.nba.com/headshots/nba/latest/1040x760/1642263.png
494,494,494,494,1627783,Pascal,Siakam,Pascal Siakam,https://cdn.nba.com/headshots/nba/latest/1040x760/1627783.png
495,495,495,495,1627732,Ben,Simmons,Ben Simmons,https://cdn.nba.com/headshots/nba/latest/1040x760/1627732.png
496,496,496,496,1629014,Anfernee,Simons,Anfernee Simons,https://cdn.nba.com/headshots/nba/latest/1040x760/1629014.png
497,497,497,497,1642354,K.J.,Simpson,K.J. Simpson,https://cdn.nba.com/headshots/nba/latest/1040x760/1642354.png
498,498,498,498,1630579,Jericho,Sims,Jericho Sims,https://cdn.nba.com/headshots/nba/latest/1040x760/1630579.png
499,499,499,499,1631376,Dmytro,Skapintsev,Dmytro Skapintsev,https://cdn.nba.com/headshots/nba/latest/1040x760/1631376.png
500,500,500,500,1641771,Jalen,Slawson,Jalen Slawson,https://cdn.nba.com/headshots/nba/latest/1040x760/1641771.png
501,501,501,501,1630606,Javonte,Smart,Javonte Smart,https://cdn.nba.com/headshots/nba/latest/1040x760/1630606.png
502,502,502,502,203935,Marcus,Smart,Marcus Smart,https://cdn.nba.com/headshots/nba/latest/1040x760/203935.png
503,503,503,503,1630696,Dru,Smith,Dru Smith,https://cdn.nba.com/headshots/nba/latest/1040x760/1630696.png
504,504,504,504,1630188,Jalen,Smith,Jalen Smith,https://cdn.nba.com/headshots/nba/latest/1040x760/1630188.png
505,505,505,505,1642449,Tolu,Smith,Tolu Smith,https://cdn.nba.com/headshots/nba/latest/1040x760/1642449.png
506,506,506,506,1641890,Tyler,Smith,Tyler Smith,https://cdn.nba.com/headshots/nba/latest/1040x760/1641890.png
507,507,507,507,1629015,Zhaire,Smith,Zhaire Smith,https://cdn.nba.com/headshots/nba/latest/1040x760/1629015.png
508,508,508,508,1631095,Jabari,Smith Jr.,Jabari Smith Jr.,https://cdn.nba.com/headshots/nba/latest/1040x760/1631095.png
509,509,509,509,1641733,Nick,Smith Jr.,Nick Smith Jr.,https://cdn.nba.com/headshots/nba/latest/1040x760/1641733.png
510,510,510,510,1631110,Jeremy,Sochan,Jeremy Sochan,https://cdn.nba.com/headshots/nba/latest/1040x760/1631110.png
511,511,511,511,1642285,Cam,Spencer,Cam Spencer,https://cdn.nba.com/headshots/nba/latest/1040x760/1642285.png
512,512,512,512,1630311,Pat,Spencer,Pat Spencer,https://cdn.nba.com/headshots/nba/latest/1040x760/1630311.png
513,513,513,513,1630531,Jaden,Springer,Jaden Springer,https://cdn.nba.com/headshots/nba/latest/1040x760/1630531.png
514,514,514,514,1641815,Isaiah,Stevens,Isaiah Stevens,https://cdn.nba.com/headshots/nba/latest/1040x760/1641815.png
515,515,515,515,1630205,Lamar,Stevens,Lamar Stevens,https://cdn.nba.com/headshots/nba/latest/1040x760/1630205.png
516,516,516,516,1641907,Erik,Stevenson,Erik Stevenson,https://cdn.nba.com/headshots/nba/latest/1040x760/1641907.png
517,517,517,517,1630569,DJ,Steward,DJ Steward,https://cdn.nba.com/headshots/nba/latest/1040x760/1630569.png
518,518,518,518,1630191,Isaiah,Stewart,Isaiah Stewart,https://cdn.nba.com/headshots/nba/latest/1040x760/1630191.png
519,519,519,519,1631124,Julian,Strawther,Julian Strawther,https://cdn.nba.com/headshots/nba/latest/1040x760/1631124.png
520,520,520,520,1629622,Max,Strus,Max Strus,https://cdn.nba.com/headshots/nba/latest/1040x760/1629622.png
521,521,521,521,1630591,Jalen,Suggs,Jalen Suggs,https://cdn.nba.com/headshots/nba/latest/1040x760/1630591.png
522,522,522,522,1631306,Cole,Swider,Cole Swider,https://cdn.nba.com/headshots/nba/latest/1040x760/1631306.png
523,523,523,523,1630256,Jae'Sean,Tate,Jae'Sean Tate,https://cdn.nba.com/headshots/nba/latest/1040x760/1630256.png
524,524,524,524,1628369,Jayson,Tatum,Jayson Tatum,https://cdn.nba.com/headshots/nba/latest/1040x760/1628369.png
525,525,525,525,1630678,Terry,Taylor,Terry Taylor,https://cdn.nba.com/headshots/nba/latest/1040x760/1630678.png
526,526,526,526,202066,Garrett,Temple,Garrett Temple,https://cdn.nba.com/headshots/nba/latest/1040x760/202066.png
527,527,527,527,1631207,Dalen,Terry,Dalen Terry,https://cdn.nba.com/headshots/nba/latest/1040x760/1631207.png
528,528,528,528,1628464,Daniel,Theis,Daniel Theis,https://cdn.nba.com/headshots/nba/latest/1040x760/1628464.png
529,529,529,529,1630271,Brodric,Thomas,Brodric Thomas,https://cdn.nba.com/headshots/nba/latest/1040x760/1630271.png
530,530,530,530,1630560,Cam,Thomas,Cam Thomas,https://cdn.nba.com/headshots/nba/latest/1040x760/1630560.png
531,531,531,531,1641708,Amen,Thompson,Amen Thompson,https://cdn.nba.com/headshots/nba/latest/1040x760/1641708.png
532,532,532,532,1641709,Ausar,Thompson,Ausar Thompson,https://cdn.nba.com/headshots/nba/latest/1040x760/1641709.png
533,533,533,533,1630679,Ethan,Thompson,Ethan Thompson,https://cdn.nba.com/headshots/nba/latest/1040x760/1630679.png
534,534,534,534,202691,Klay,Thompson,Klay Thompson,https://cdn.nba.com/headshots/nba/latest/1040x760/202691.png
535,535,535,535,202684,Tristan,Thompson,Tristan Thompson,https://cdn.nba.com/headshots/nba/latest/1040x760/202684.png
536,536,536,536,1630550,JT,Thor,JT Thor,https://cdn.nba.com/headshots/nba/latest/1040x760/1630550.png
537,537,537,537,1629680,Matisse,Thybulle,Matisse Thybulle,https://cdn.nba.com/headshots/nba/latest/1040x760/1629680.png
538,538,538,538,1630214,Xavier,Tillman,Xavier Tillman,https://cdn.nba.com/headshots/nba/latest/1040x760/1630214.png
539,539,539,539,1642260,Nikola,Topić,Nikola Topić,https://cdn.nba.com/headshots/nba/latest/1040x760/1642260.png
540,540,540,540,1631210,Jacob,Toppin,Jacob Toppin,https://cdn.nba.com/headshots/nba/latest/1040x760/1631210.png
541,541,541,541,1630167,Obi,Toppin,Obi Toppin,https://cdn.nba.com/headshots/nba/latest/1040x760/1630167.png
542,542,542,542,1626157,Karl-Anthony,Towns,Karl-Anthony Towns,https://cdn.nba.com/headshots/nba/latest/1040x760/1626157.png
543,543,543,543,1642422,Armel,Traoré,Armel Traoré,https://cdn.nba.com/headshots/nba/latest/1040x760/1642422.png
544,544,544,544,1631247,Luke,Travers,Luke Travers,https://cdn.nba.com/headshots/nba/latest/1040x760/1631247.png
545,545,545,545,1629018,Gary,Trent Jr.,Gary Trent Jr.,https://cdn.nba.com/headshots/nba/latest/1040x760/1629018.png
546,546,546,546,1631131,Oscar,Tshiebwe,Oscar Tshiebwe,https://cdn.nba.com/headshots/nba/latest/1040x760/1631131.png
547,547,547,547,1630733,Jordan,Tucker,Jordan Tucker,https://cdn.nba.com/headshots/nba/latest/1040x760/1630733.png
548,548,548,548,200782,P.J.,Tucker,P.J. Tucker,https://cdn.nba.com/headshots/nba/latest/1040x760/200782.png
549,549,549,549,1626167,Myles,Turner,Myles Turner,https://cdn.nba.com/headshots/nba/latest/1040x760/1626167.png
550,550,550,550,1641816,Hunter,Tyson,Hunter Tyson,https://cdn.nba.com/headshots/nba/latest/1040x760/1641816.png
551,551,551,551,1642281,Jaylon,Tyson,Jaylon Tyson,https://cdn.nba.com/headshots/nba/latest/1040x760/1642281.png
552,552,552,552,1630649,Stanley,Umude,Stanley Umude,https://cdn.nba.com/headshots/nba/latest/1040x760/1630649.png
553,553,553,553,202685,Jonas,Valančiūnas,Jonas Valančiūnas,https://cdn.nba.com/headshots/nba/latest/1040x760/202685.png
554,554,554,554,1627832,Fred,VanVleet,Fred VanVleet,https://cdn.nba.com/headshots/nba/latest/1040x760/1627832.png
555,555,555,555,1629020,Jarred,Vanderbilt,Jarred Vanderbilt,https://cdn.nba.com/headshots/nba/latest/1040x760/1629020.png
556,556,556,556,1630170,Devin,Vassell,Devin Vassell,https://cdn.nba.com/headshots/nba/latest/1040x760/1630170.png
557,557,557,557,1629216,Gabe,Vincent,Gabe Vincent,https://cdn.nba.com/headshots/nba/latest/1040x760/1629216.png
558,558,558,558,1641774,Tristan,Vukcevic,Tristan Vukcevic,https://cdn.nba.com/headshots/nba/latest/1040x760/1641774.png
559,559,559,559,202696,Nikola,Vučević,Nikola Vučević,https://cdn.nba.com/headshots/nba/latest/1040x760/202696.png
560,560,560,560,1629731,Dean,Wade,Dean Wade,https://cdn.nba.com/headshots/nba/latest/1040x760/1629731.png
561,561,561,561,1630532,Franz,Wagner,Franz Wagner,https://cdn.nba.com/headshots/nba/latest/1040x760/1630532.png
562,562,562,562,1629021,Moritz,Wagner,Moritz Wagner,https://cdn.nba.com/headshots/nba/latest/1040x760/1629021.png
563,563,563,563,1631133,Jabari,Walker,Jabari Walker,https://cdn.nba.com/headshots/nba/latest/1040x760/1631133.png
564,564,564,564,1641716,Jarace,Walker,Jarace Walker,https://cdn.nba.com/headshots/nba/latest/1040x760/1641716.png
565,565,565,565,1629022,Lonnie,Walker IV,Lonnie Walker IV,https://cdn.nba.com/headshots/nba/latest/1040x760/1629022.png
566,566,566,566,1641717,Cason,Wallace,Cason Wallace,https://cdn.nba.com/headshots/nba/latest/1040x760/1641717.png
567,567,567,567,1630811,Keaton,Wallace,Keaton Wallace,https://cdn.nba.com/headshots/nba/latest/1040x760/1630811.png
568,568,568,568,1641775,Jordan,Walsh,Jordan Walsh,https://cdn.nba.com/headshots/nba/latest/1040x760/1641775.png
569,569,569,569,1642266,Ja'Kobe,Walter,Ja'Kobe Walter,https://cdn.nba.com/headshots/nba/latest/1040x760/1642266.png
570,570,570,570,1642276,Kel'el,Ware,Kel'el Ware,https://cdn.nba.com/headshots/nba/latest/1040x760/1642276.png
571,571,571,571,203933,T.J.,Warren,T.J. Warren,https://cdn.nba.com/headshots/nba/latest/1040x760/203933.png
572,572,572,572,1629023,P.J.,Washington,P.J. Washington,https://cdn.nba.com/headshots/nba/latest/1040x760/1629023.png
573,573,573,573,1631102,TyTy,Washington Jr.,TyTy Washington Jr.,https://cdn.nba.com/headshots/nba/latest/1040x760/1631102.png
574,574,574,574,1630322,Lindy,Waters III,Lindy Waters III,https://cdn.nba.com/headshots/nba/latest/1040x760/1630322.png
575,575,575,575,1630570,Trendon,Watford,Trendon Watford,https://cdn.nba.com/headshots/nba/latest/1040x760/1630570.png
576,576,576,576,1641817,Anton,Watson,Anton Watson,https://cdn.nba.com/headshots/nba/latest/1040x760/1641817.png
577,577,577,577,1631212,Peyton,Watson,Peyton Watson,https://cdn.nba.com/headshots/nba/latest/1040x760/1631212.png
578,578,578,578,1642377,Jaylen,Wells,Jaylen Wells,https://cdn.nba.com/headshots/nba/latest/1040x760/1642377.png
579,579,579,579,1641705,Victor,Wembanyama,Victor Wembanyama,https://cdn.nba.com/headshots/nba/latest/1040x760/1641705.png
580,580,580,580,1631104,Blake,Wesley,Blake Wesley,https://cdn.nba.com/headshots/nba/latest/1040x760/1631104.png
581,581,581,581,201566,Russell,Westbrook,Russell Westbrook,https://cdn.nba.com/headshots/nba/latest/1040x760/201566.png
582,582,582,582,1629632,Coby,White,Coby White,https://cdn.nba.com/headshots/nba/latest/1040x760/1629632.png
583,583,583,583,1628401,Derrick,White,Derrick White,https://cdn.nba.com/headshots/nba/latest/1040x760/1628401.png
584,584,584,584,1641727,Dariq,Whitehead,Dariq Whitehead,https://cdn.nba.com/headshots/nba/latest/1040x760/1641727.png
585,585,585,585,1641715,Cam,Whitmore,Cam Whitmore,https://cdn.nba.com/headshots/nba/latest/1040x760/1641715.png
586,586,586,586,1630598,Aaron,Wiggins,Aaron Wiggins,https://cdn.nba.com/headshots/nba/latest/1040x760/1630598.png
587,587,587,587,203952,Andrew,Wiggins,Andrew Wiggins,https://cdn.nba.com/headshots/nba/latest/1040x760/203952.png
588,588,588,588,1631214,Alondes,Williams,Alondes Williams,https://cdn.nba.com/headshots/nba/latest/1040x760/1631214.png
589,589,589,589,1630314,Brandon,Williams,Brandon Williams,https://cdn.nba.com/headshots/nba/latest/1040x760/1630314.png
590,590,590,590,1642262,Cody,Williams,Cody Williams,https://cdn.nba.com/headshots/nba/latest/1040x760/1642262.png
591,591,591,591,1629684,Grant,Williams,Grant Williams,https://cdn.nba.com/headshots/nba/latest/1040x760/1629684.png
592,592,592,592,1631114,Jalen,Williams,Jalen Williams,https://cdn.nba.com/headshots/nba/latest/1040x760/1631114.png
593,593,593,593,1631119,Jaylin,Williams,Jaylin Williams,https://cdn.nba.com/headshots/nba/latest/1040x760/1631119.png
594,594,594,594,1629026,Kenrich,Williams,Kenrich Williams,https://cdn.nba.com/headshots/nba/latest/1040x760/1629026.png
595,595,595,595,1631109,Mark,Williams,Mark Williams,https://cdn.nba.com/headshots/nba/latest/1040x760/1631109.png
596,596,596,596,1631466,Nate,Williams,Nate Williams,https://cdn.nba.com/headshots/nba/latest/1040x760/1631466.png
597,597,597,597,1630172,Patrick,Williams,Patrick Williams,https://cdn.nba.com/headshots/nba/latest/1040x760/1630172.png
598,598,598,598,1630533,Ziaire,Williams,Ziaire Williams,https://cdn.nba.com/headshots/nba/latest/1040x760/1630533.png
599,599,599,599,1629057,Robert,Williams III,Robert Williams III,https://cdn.nba.com/headshots/nba/latest/1040x760/1629057.png
600,600,600,600,1631246,Vince,Williams Jr.,Vince Williams Jr.,https://cdn.nba.com/headshots/nba/latest/1040x760/1631246.png
601,601,601,601,1629627,Zion,Williamson,Zion Williamson,https://cdn.nba.com/headshots/nba/latest/1040x760/1629627.png
602,602,602,602,1630592,Jalen,Wilson,Jalen Wilson,https://cdn.nba.com/headshots/nba/latest/1040x760/1630592.png
603,603,603,603,1630164,James,Wiseman,James Wiseman,https://cdn.nba.com/headshots/nba/latest/1040x760/1630164.png
604,604,604,604,1626174,Christian,Wood,Christian Wood,https://cdn.nba.com/headshots/nba/latest/1040x760/1626174.png
605,605,605,605,1642473,Moses,Wood,Moses Wood,https://cdn.nba.com/headshots/nba/latest/1040x760/1642473.png
606,606,606,606,1626153,Delon,Wright,Delon Wright,https://cdn.nba.com/headshots/nba/latest/1040x760/1626153.png
607,607,607,607,1627824,Guerschon,Yabusele,Guerschon Yabusele,https://cdn.nba.com/headshots/nba/latest/1040x760/1627824.png
608,608,608,608,1642385,Cui,Yongxi,Cui Yongxi,https://cdn.nba.com/headshots/nba/latest/1040x760/1642385.png
609,609,609,609,1629027,Trae,Young,Trae Young,https://cdn.nba.com/headshots/nba/latest/1040x760/1629027.png
610,610,610,610,203469,Cody,Zeller,Cody Zeller,https://cdn.nba.com/headshots/nba/latest/1040x760/203469.png
611,611,611,611,1627826,Ivica,Zubac,Ivica Zubac,https://cdn.nba.com/headshots/nba/latest/1040x760/1627826.png
612,612,612,612,1641783,Tristan,da Silva,Tristan da Silva,https://cdn.nba.com/headshots/nba/latest/1040x760/1641783.png
613,613,613,613,1628427,Vlatko,Čančar,Vlatko Čančar,https://cdn.nba.com/headshots/nba/latest/1040x760/1628427.png
614,614,614,614,203967,Dario,Šarić,Dario Šarić,https://cdn.nba.com/headshots/nba/latest/1040x760/203967.png
